-------,-------,-------,-------,-------
-------,-------,-------,-------,-------
-------,-------,-------,-------,-------
-------,-------,-------,-------,-------
-------,-------,-------,-------,-------
!n
-------,-------,-------,-------,-------
-------,-------,-------,-------,-------
-------,-------,-------,-------,-------
-------,-------,-------,-------,-------
-------,-------,-------,-------,-------
!n
-------,-------,f1TT300,-------,-------
-------,-------,-------,-------,-------
-------,-------,-------,-------,-------
-------,-------,-------,-------,-------
-------,-------,-------,-------,-------
!n
f2-L100,-------,-------,-------,-------
-------,-------,-------,-------,-------
-------,-------,-------,-------,-------
-------,-------,-------,-------,-------
-------,-------,-------,-------,-------
!n
-------,-------,-------,-------,-------
-------,-------,-------,-------,-------
-------,-------,-------,-------,-------
-------,-------,-------,-------,-------
-------,-------,-------,-------,-------
!n
