-----,-----,-----,-----,-----
-----,-----,-----,-----,-----
-----,-----,-----,-----,-----
-----,-----,-----,-----,-----
-T000,-----,-----,-----,-----
!n
-----,-----,-----,-----,-----
-----,-----,-----,-----,-----
-----,-----,-----,-----,-----
-----,-----,-----,-----,-----
-----,-----,-----,-----,-----
!n
-----,-----,-----,-----,-----
-----,-----,-----,-----,-----
-----,-----,-----,-----,-----
-----,-----,-----,-----,-----
-----,-----,-----,-----,-----
!n
-----,-----,-----,-----,-----
-----,-----,-----,-----,-----
-----,-----,-----,-----,-----
-----,-----,-----,-----,-----
-----,-----,-----,-----,-----
!n
-----,-----,-----,-----,-T000
-----,-----,-----,-----,-----
-----,-----,-----,-----,-----
-----,-----,-----,-----,-----
-----,-----,-----,-----,-----
!n
